0,1,2,3,4,5,6,7,8,9,10,11,12,13,14,15,16,17,18,19,20,21,22,23,24
5.000237851271589,6.032257526934585,-6.462563400488651,-3.9615738644404628,-7.208986732685951,6.335687387530332,3.0214751828934068,-4.300726014433111,-9.146199807884612,-4.075443479924663,-2.52051684012035,5.510578010703695,1.5054320506578784,7.7991889625263795,-1.2652813515101862,-8.8666199919093,4.0478786940355285,4.907218183882129,3.6522604377354475,5.852303424451917,-1.5017055734664224,-0.11011741653106066,-0.4277963373996094,-7.403174692248172,-9.428154772371869
5.251212908611196,-8.430403683461762,-1.2992140552134908,2.6087060333851473,-8.285191586949212,2.5763545998137314,-7.556493669383383,-8.74667949643639,8.974108205976098,8.154275972298645,7.671345264096372,-3.0303623259569155,-8.267521893701986,3.7115463692376682,-0.9885673172604206,-9.600970171528715,-0.34363918029519325,-9.99421382569343,7.184788031680727,-5.105500660885617,5.048132213929163,-3.1249356169447706,-0.16981856622658054,1.5067883682217516,-4.903555452903457
3.550129114256558,-6.645486104522308,-1.0384010251352658,3.4903065373772186,-8.06117465625741,1.4627466928510426,-4.337081720909861,-7.717202653302816,8.652879361558044,6.813234946617614,8.458889534919964,-5.297297083296183,-9.691956466829213,4.707230962252778,1.2428022811312998,-6.174962484593905,0.4674473222777633,-8.717475236030346,9.03982360035595,-4.065471778212896,3.531637111049016,-3.6615773742599043,0.33876729565669383,0.18024099799891669,-6.583585966356233
-3.0693786632497195,9.761579733321584,5.250249101661566,1.9522680899765839,-6.7622998078424885,-5.602444697487522,-9.42989914547184,7.870620296668741,1.8201075824302815,3.9437703526936887,-8.48953326209676,10.223613392227916,7.462362452009074,-4.447738979280148,-6.342496814225228,-5.649956831636359,-4.225421897402701,0.8192949851331994,-1.4912426815253697,-4.078421231046443,2.8322149198845032,-8.028343470192635,-2.0647197536101767,-3.678780515625868,-2.0927889284470127
5.741522706028473,-5.886493030114544,0.8982067410026492,0.8254988120424442,-9.32836828302339,0.48231296415117697,-6.190294403648891,-8.05177220059167,8.494524282767292,10.88662742478122,4.94218129932688,-5.372099496742407,-7.82210590131235,4.7317588328552915,0.48697756624989563,-8.018119565973363,0.9822190356566993,-9.350738047196339,8.013780741634823,-3.940740430512989,3.90276856549306,-5.34217063519603,1.877900773282112,2.3142969410130445,-6.928473590998988
-2.422150554814579,8.715278777732454,4.731639612763604,-0.0143992306601608,-7.099299078988782,-6.5229970217642,-7.360433711894494,6.805252697225056,1.213806631970988,3.6596945123363724,-8.672907996381877,9.72694815289957,6.119092612241397,-5.239950353321121,-6.266423106509947,-5.363264812398435,-4.617208234686598,0.16746648604698905,-1.7532077802898427,-5.63893214417128,2.5331781715121657,-6.949067514779274,-4.151993572653176,-2.9073502675013128,-2.293971057709695
5.1859079288241015,-5.782736405193908,0.2682658721994805,3.036684650688934,-6.544059319726424,1.6200282651084459,-7.078956968772392,-7.654807263225337,9.659602234692978,11.159347987227221,6.751875147655185,-4.267016707319646,-7.455902889180012,4.793364110826046,-0.376467944010609,-7.051961271997126,0.9702128918145576,-8.14293398724996,9.56856703261317,-4.175690480410019,3.083327606762786,-3.6190647917784577,1.607869390064573,0.11726991587835689,-5.934237580616558
-2.273583064944184,9.785151322085289,3.1612925904482596,3.116923727147661,-6.541130783656856,-7.295397507176748,-8.205545890529725,9.594215773303098,2.2041664899226707,4.409672142221245,-10.047671013624194,8.548352673775094,7.479188632552681,-6.609301612343344,-6.291934418638595,-6.809567249696441,-3.4361753150628536,0.8287907379317055,-0.323559682899786,-4.685433594893908,1.9671829591542185,-8.18888650274147,-4.601400289371749,-2.295462641081314,-0.12161169901392865
8.779923464385886,5.465619670173879,8.360676606766523,7.204126028679119,0.5516821125498685,8.35437912783364,-9.734870332992612,-5.320286787927493,-9.013014468854736,-4.950944884199643,-2.535663283260223,-5.325175770112665,6.893924693457769,-1.5244830201050694,-6.256482275898129,0.9689477423123869,-7.341648296071387,6.7152796915312605,-8.295790498166895,8.985769400271527,5.125841450266529,-6.821712226120041,-8.813550518929354,6.330540217768624,6.038337562705351
-3.498802443311331,8.888499208098674,4.695603748516796,3.0673612024116803,-8.57209182086609,-5.350559273815333,-8.996335655214999,6.896641845551283,1.0101958596040082,2.5065948840551395,-8.765139530122037,9.47151501042829,5.358891916267382,-7.048296558498093,-6.699285355148116,-4.6628882776419305,-4.174746492172851,-1.008014320473349,-1.6068426912436296,-4.448140765786832,-0.4598287484939818,-7.264417653476975,-4.388041559504315,-1.9765567693127477,0.9703557792860646
6.861405032544843,5.21665224534218,9.890938466282353,9.854894462773569,0.7284499817692855,8.934183923698857,-8.695460415741662,-6.1862911059212315,-6.451110874772205,-4.996363713129866,-1.972714544715786,-4.105326192756649,7.660536507977936,-2.7669503126573187,-4.073259266748282,0.46227309574317865,-6.9123885592596395,5.700747339583384,-7.8874152365485335,9.368128395966712,5.821995779835334,-6.05494918300153,-8.763507406755783,6.257834845508196,2.3641144087454617
5.195914510590889,6.629291370887731,-8.658553240999192,-3.2808746939659588,-7.682090850640808,7.8632752664409855,1.0221077204176165,-5.678220456084254,-9.27936984377111,-5.001065991600915,-4.00447375711237,4.444343247943809,2.2979010180812494,9.196722385997276,-0.2289567321586936,-7.307640721623137,4.887102888503301,4.07686785455718,2.2646557388101938,5.343579312555761,0.5463925445290274,-0.6172006454002739,-3.002938398845072,-8.673727807093067,-7.4657619340363945
5.999746365333384,4.824983367980209,-10.385646916678809,-1.8231717392776252,-8.36724863525741,8.05269411667464,0.49585871883932287,-2.489442164647707,-9.940004923560307,-3.0495894466202316,-3.482060491628625,3.638184147364636,2.3441131141774822,8.43057330848323,-0.4498070436457794,-7.023702100761482,6.241336328975384,3.6514593606268972,2.8427565263585493,5.5236995366144335,-1.0228721210353133,-0.8756570380991082,-1.6383000236060414,-8.569967353193638,-7.969720580511445
-1.0338414061031982,9.871945751400341,4.479940306264674,1.9541534760380432,-7.882156555789079,-6.898622729268337,-9.126986395556148,7.646241475836793,1.1950692913118526,4.680798070162081,-8.055571201081374,9.289436894783028,7.050564538107377,-5.063073794723365,-6.764721127743824,-6.107817321120907,-3.9025627400274505,0.592804731193589,-2.1341094110131515,-4.150907021780219,2.7350561856930398,-5.758979179164121,-3.19783620321043,-0.5195806766146096,-1.64594787854733
4.220374715030661,4.099359247636876,-8.932572126441467,-2.570404922531661,-8.646377735708016,6.304917602616828,2.8097504181010438,-3.4306918545174674,-8.69603599886794,-4.538848900386825,-3.7267342736708264,3.667890422492976,3.64134783822905,8.779504186250284,-2.4018893589991075,-8.537625941426375,2.76836648936982,4.56567703793105,1.1421059815995642,3.9696983793926908,-1.0459478858374984,-0.5493007844416169,-1.2419123034300639,-9.422273128081846,-8.563909013471164
8.855729110177124,6.310714265503436,9.157266144685124,9.734730685348097,1.7345335938498503,8.088167904344138,-8.249569564849342,-6.383522534451371,-8.29551231984719,-5.1097039931713,-3.2801366253567137,-5.640822286101275,7.525057775012164,-1.1543200935462887,-4.485759024789856,0.6850999399749591,-7.111463337391566,7.205817917688986,-9.436340260595157,9.976107714745131,6.420093015715577,-5.524592199376706,-9.699976040929208,7.310274661663823,1.433914583953106
5.842064861533739,4.519674632856296,-9.172873303967013,-3.4263467231580393,-6.308180716326588,5.126394303533175,5.603711070211152,-2.3259826938809645,-8.505594080150367,-3.8352475663030425,-3.2107794846074023,5.113245995140619,3.3963650130543197,8.299859317529979,-0.46612081550576484,-7.805453501541292,4.113622460806387,5.0207926919852675,2.35931404825699,6.012900321372083,-3.0644767073764654,1.1105573641696425,-1.254443438110233,-9.510326221563995,-8.230689913222797
-1.9326406599969839,9.325536282741858,7.718759644683339,3.0927445953753088,-7.007544782632037,-7.835650033876372,-10.444774076893584,7.526986551365926,1.2659494895798722,2.7391978463232345,-10.234882998326478,8.31664903962549,8.335994451081,-4.871578029485026,-6.371473297174605,-4.851965664041298,-3.837786833161627,-0.3661555686835064,0.16202445011197208,-3.6365071523545027,1.1998117401211335,-7.400461465042771,-5.032725282680394,-4.0555628650905025,0.04757723187236085
-2.4449176039572875,7.936541350269016,3.9245751269681333,2.652767432875408,-7.6099938228684065,-6.663651003693972,-8.792755916732197,6.671922567892886,4.166244324189501,4.79537057823892,-11.613452700741558,9.584651358009314,5.987066351240047,-4.900784451638253,-7.156021394290688,-6.446646244398223,-3.4101678618287883,1.3608838268148786,-2.5613960342134616,-4.509918431880109,1.7621125832866338,-7.8634520195328745,-2.39165278901454,-2.2677814231652103,-2.139484269994326
3.7483211525893023,5.358228643669559,-9.234866954428945,-2.1486333634019275,-6.195372654161479,6.682015276141827,2.7053670370865355,-2.8823543926440824,-8.256830723360252,-3.7043982977706684,-2.753651141105337,5.074372519441938,1.513487004776965,8.613410915915804,0.3315893405057284,-8.371401185412548,4.302833579907501,5.899029965149018,1.0162301318105635,6.492321646857232,2.2397844219071756,-0.33132944499510075,-2.830224235982783,-9.187798869513221,-7.120608955007768
6.628152910773042,-5.946893986912632,-0.36224800943334134,2.5465146908544396,-8.677506360178295,3.046090258056499,-5.9543457245722005,-7.649415424975075,8.442475533506098,10.630034727125512,6.365546567021621,-1.8324637439073213,-8.73574553796189,5.420624333408387,-0.9990393417453253,-8.210653306718871,-0.5803476318289178,-9.632576885889952,8.61057398797756,-4.301564879964162,2.6767456831410614,-3.790133070472763,2.54363078216808,2.661748756966304,-5.866587219815426
-2.496195731174843,10.467820205355638,4.375222002990145,4.693338850530351,-6.253959843386264,-7.737267149692229,-9.909220254697123,7.805995330741888,1.7988374495383248,4.875452050013001,-9.115072489510407,9.325368130583014,5.802059097940031,-7.268065011120342,-6.810015607925009,-5.475511008607851,-3.7010613966790418,-0.7506101460672308,-1.1879187013065031,-3.7900998163103243,1.353200458246457,-7.056397681013635,-4.098898310849637,-3.8157334319567893,-0.5208129553109972
5.144597380588684,-5.6293124817682845,1.850212797506573,1.782541116167862,-9.626191272293244,4.0320541074693566,-8.037531426670414,-10.897774096914493,9.41772519512,8.810586437138577,5.146714145198509,-3.1993681692332334,-7.802757006101123,3.120581899506409,-2.4772545238788677,-6.686777974824279,0.5537393801840647,-9.411405441475015,10.033045037623308,-5.894485134325814,1.7249205161549015,-4.457686548093025,0.35577440720071846,1.1775450361882849,-6.544146947345789
10.069567874822079,4.848580784094867,6.959345934427326,8.407749608077957,3.33165812138466,8.300036185834642,-7.277275411758671,-4.46806449362845,-7.780539768205192,-1.8534288553633198,-1.4843267151384671,-4.49758572562049,4.972784371141421,-3.1109959542581627,-5.224556401568576,3.0248643806627835,-7.357401312937084,6.167144421865281,-7.957501750364116,9.7813411783828,7.139946426363901,-6.648335731051004,-9.694950202290709,5.566757983398634,2.8171243657316376
8.84050683896264,4.684457583799984,8.78660437387283,7.726362386028047,1.5047715268944273,9.13387214791905,-7.2748447503910985,-5.991935865325249,-7.617924140733978,-4.6350824988682175,-2.4201136654900774,-5.2898416851248875,4.708213565965528,-2.9476141519709134,-4.503057314635669,2.3673714064071008,-6.550703815949969,5.01975279075159,-6.654894560070396,10.958772427535699,6.026993089401763,-6.252170468166383,-10.848996894251432,5.937021793025629,5.225895496656529
4.349276986974978,6.878667597039948,-9.857712765041441,-2.1377668060829365,-8.2884796302563,8.981446423719168,4.458477889719276,-4.148696090730364,-9.278390130188107,-2.920765678706954,-3.8834642092545737,4.546712348829042,2.776537847646673,5.824581695328875,-0.5695392428552509,-8.29784285529814,3.7717729220601273,6.6593329758067625,-0.030962942889331213,6.232548785839198,-0.40305100304399366,0.1748964191440472,-0.6588077367772965,-9.151566170549206,-7.27155846291438
5.548328021352608,5.094098550535592,-9.131343699825942,-3.915835955672345,-8.50802933947636,10.211162942820597,3.710642117287945,-4.733113869155037,-10.051290951023097,-3.2984875039682646,-2.949068762087092,5.141007402078645,2.4961936335505652,7.61880059152363,-0.22782197260165626,-7.522222074940635,2.045595371712364,4.985901341762755,0.3741375171296115,5.594555017999733,2.861170929891225,0.822138253114186,-1.7627093190014058,-8.569815963140844,-7.359483572924698
9.188018805114206,4.62467388046573,7.963098477243923,7.670068116651448,2.3253650830378803,9.351069326695583,-9.033328909641954,-4.587654182657574,-9.366577822831808,-3.5147606790831487,-2.9736658853581828,-6.997259624795024,7.458795579399638,-2.1280895690357804,-4.662637363370598,0.9209123803898417,-6.6655762828006475,4.481393758194253,-9.038039803750879,10.532003411632173,4.1906059627638985,-5.732128437149923,-11.246139462151357,6.775658551530208,4.101505394654859
-1.3826325935049928,8.745397437643492,3.533352927486431,4.546529487190592,-6.820408757136782,-6.866180301363,-8.862452843746013,7.521607676266558,1.877939822940233,3.5877895490406724,-10.135169055324344,9.365443773023888,6.105428044874671,-6.4660635691116415,-6.257070428166091,-6.5868870203521785,-2.4111621522265567,-2.1558411757482547,-0.2695927752352234,-2.929332003541532,0.1636676620394404,-7.552810381039512,-4.528547895291428,-4.080274828843987,-1.656417003250156
9.33103174147655,4.794249700311829,7.276264438670956,6.09340733229703,0.37386363321621263,8.704611351473819,-7.721424935731676,-7.661533453649229,-8.200415907713124,-3.976454436418152,-2.07966119422481,-2.960798736266658,7.4715894989041205,-3.1334641140340462,-5.272502031667672,-1.2978937381643352,-7.9006688197471675,5.832809376253101,-9.496166653555768,9.60648176491804,5.521747268891915,-6.25054235112463,-10.539560238351411,6.4778832410634095,4.579087526521752
8.94437065963242,6.783672828957404,8.857834341811186,8.749320683675194,2.4427323935161773,7.591128045471462,-8.873699791279071,-5.050381934035935,-9.43022955389578,-3.8970418479767095,-3.181576785559712,-4.1494202989286215,8.637275102281734,-3.932466380382487,-4.357090349579627,2.266142218580399,-7.2611568917504625,6.496311411330529,-9.571380654551463,10.166045829217994,5.2577511209285985,-5.039956373636689,-8.702171605963201,8.898792211115296,4.7167800501659185
5.310180415532912,-5.977779533897988,1.5631406308795313,2.039390445260753,-9.024555197443897,0.7910408970488472,-5.843263960226949,-8.053483959153334,11.140965468372126,9.004862426538187,6.38709728999316,-3.6583409328218313,-6.469104440108847,3.5893649978561855,-0.9179285994376338,-6.951338793387884,0.09014732538176182,-9.75866319224616,8.38049803447395,-3.7507686181398894,2.22393038766858,-3.6328088040649043,-0.29876039138295696,2.1292522157904354,-7.826097794273234
6.006154693099306,-6.7608002068521635,0.22055042167924,2.17705378754433,-8.749634530149772,2.5728177922640514,-4.975806257195523,-8.24543383878043,8.733554109776017,10.276727829779544,7.357417451253862,-5.135332431669579,-7.449157650022464,4.385833272554036,-1.494513628567965,-6.1835284897928045,-0.246517384807123,-9.18665312422409,8.013336217291773,-4.808821320418194,2.1541706001844387,-5.205829360806074,1.9958654867811885,0.08724423854726515,-7.294303238945766
7.776560739385663,6.667395821679462,8.055387254485733,7.086294571538594,2.1585687734526453,9.586122049891049,-9.245971777940007,-6.018662901769124,-8.666637721458667,-2.800287777471569,-2.0500126509331342,-4.940047203605404,5.747159962389869,-2.7787895830818394,-5.453448818237992,-2.0674288203296376,-6.74495569634708,6.94787445616699,-10.871919561946422,8.728008027300408,6.064049646938345,-3.968190899604853,-9.868763949852545,5.581225627867547,3.954250435847503
-2.31013792747928,8.414069251039527,4.70968092121812,1.5878560870789717,-6.766109845900022,-6.2179789187549,-7.252310940490658,6.085707416671854,4.155333609520442,2.2093637563984068,-9.740095209119534,9.986514249724463,6.929844683743468,-6.3759173062550705,-6.5716229062152625,-6.824910737590156,-4.5045198977534575,1.3447307296657818,-1.0040841411926378,-4.868326791299816,3.1366577698808404,-6.902823266082554,-3.344244910456677,-2.043134292202554,-1.7075953265813528
11.447899685231494,4.399448101500608,8.56872520769801,7.619733708664055,2.265406274030803,9.253221913001632,-7.369676470601864,-6.663420190186034,-9.26257593557565,-3.210813434246413,-2.4751453323939065,-2.9656737885020896,7.06572513467684,-2.1300556800783967,-3.718428537584972,2.0273955206502947,-7.00049394180104,4.747107667124949,-8.109299174651943,9.086381838218516,4.916278704183391,-5.439322350561459,-8.651274586094317,6.330500145832744,4.445979889551307
9.057873065535162,6.675781104808932,9.159621023481877,7.789244864548746,2.40571650203198,6.8666085483938355,-9.356917427871416,-7.274267758016151,-8.952511127025533,-1.7608783852496208,0.0048459399822728955,-3.934968263081325,7.0755946579830455,-4.665991200280953,-4.923983605986407,0.06613791125673085,-7.802363098755863,5.875795796496005,-8.981077704101711,7.758438921634558,6.192805642050681,-7.098429395056359,-9.650310793416802,8.383311238846655,3.21776228536592
5.721953160925666,-5.6589426514711345,-0.25507091203712895,1.069986651838537,-8.875146490502363,1.1725242604137343,-6.181264770539698,-10.40155174453225,10.00686638239231,9.78523814390423,6.423976696643097,-2.925033632587073,-6.381083275409745,4.699030595261268,-3.0378243565396184,-8.838812269840124,-0.7212803754702751,-9.286138527484798,8.704067062044766,-5.550144181153128,3.437212451556719,-4.521161410565103,-0.21015737943573198,-0.4724555099826293,-7.226144135600363
2.700218975680702,7.296372109090696,-8.129492787947289,-3.698978160990914,-7.1479897233749705,4.626320778494993,2.469338043148319,-3.054218330103931,-7.804562854741697,-4.794249517979294,-3.4106463980617,3.666698940701693,3.00653318277858,6.848908529163507,-0.9638023359212342,-8.603930476024194,4.916031986283556,6.074152088994614,0.9909233814325114,5.457581594051249,-1.5726794873457293,0.15497993963309453,-1.4993842498707526,-6.870824374088121,-8.954138485908075
7.2830913735909855,-6.529384383986074,-0.1354980488236247,1.5665067683803426,-10.415442256634321,1.2322450915445682,-7.5936582930062375,-9.466765705398538,8.943025857679885,9.546855394027707,7.718447455143298,-4.906078657271378,-7.062235321395738,3.4706716860176283,-1.246413834860406,-6.88441581093782,-1.219183819336895,-8.929819831511582,8.352860249788698,-4.331949103991512,3.5396143309874586,-1.3104783383008862,-0.2363795606950997,0.4032086318637753,-6.926051415914223
5.70425608080576,6.372933395841772,-9.291984633141801,-2.4236331419900123,-8.654275544038692,5.88245035272294,1.8392453119611933,-2.5196460305642576,-7.77570794890344,-3.2672681455894628,-2.771237772617062,5.108301853876239,2.1096678318813105,8.17617739620047,0.24470802846666861,-6.853823751420392,5.453809115934542,5.924004819539013,1.5769921589315081,6.4894938374076485,-0.1506093319612452,-0.4272180635878362,-1.6122465967727717,-10.236520109924546,-8.517349735108292
-2.1627494135557743,8.33426140661983,4.872132533389105,2.266242157239413,-7.593978609177638,-5.01433508213119,-8.364494835724223,6.132219418296055,2.6788538434980054,3.1867698856935873,-8.8012255103415,10.55679262224729,5.828170497656725,-4.789841657190155,-5.95071972892149,-5.5098496429368335,-2.0183621581552984,0.24974051664188676,-2.1148357915151745,-5.064931625664684,1.4212476094821516,-7.287224496373267,-3.815955054478993,-2.396072334796147,-0.051417066623256735
9.71748887187334,5.697040768799627,8.436812538473095,8.235030852014667,1.662598166082673,8.605945676731949,-6.91255242335365,-7.086885316896737,-7.955575660660195,-2.1762783173948472,-2.3445227332014382,-6.694874263530677,5.966928195944156,-1.5679389195671047,-4.404177868551267,-0.14538056912994102,-7.686290421732965,6.884559641585348,-7.962253558203205,9.498806632840651,5.07807097411846,-6.417444518360374,-10.811967842026455,7.924604258566124,3.8148264077410032
-3.108572646006523,9.019529827916505,4.686859429992843,1.5231042124614884,-6.256777258803771,-7.947730022658541,-8.980707241657305,7.443818547210602,2.5367390689229246,4.873066434009798,-10.71295220592182,7.864082872504264,7.9265296379069445,-5.420903774454885,-7.111987192414541,-4.7807578274088005,-3.799480506516387,1.6744258167085837,-1.2935811457475763,-2.114669271157174,3.9923987368907943,-7.459086935438236,-3.1855360783412814,-2.0273871845410185,0.4900312418730681
5.747330699839383,-6.153526358461295,1.2485678850671422,4.058814378832201,-9.628483530607879,0.7810940584496886,-6.677799574605425,-6.119258802640092,8.174036177096935,10.951757466935256,7.845647776405662,-4.461312858240581,-7.477574640687046,5.313057153371675,-1.5760778661954602,-7.762815663206785,-0.67814271172324,-10.326986308388499,7.5371304965096355,-6.048340634761918,3.2845291553388662,-4.535751709270422,0.635146335346964,-0.6216900593380343,-5.972030657275002
6.2416135265477655,5.446293422014876,-8.28840605959951,-4.090850194287127,-8.298980217536883,6.886872137187934,2.1482474397949245,-2.100395707943248,-8.171141933554402,-4.891811522623788,-3.249828781033054,5.090345315258066,3.891298465625529,9.324795538094904,-1.5707956885888823,-8.418972592444304,3.007317885545283,4.981681113230968,1.6919023258362595,6.4066781156803225,-0.2000390963547079,0.13480906438503765,-1.2974216405802674,-10.32676036674812,-5.752632738439138
3.4884424846804327,5.038307231244513,-7.823569207752415,-1.9815833183714033,-7.976585757161588,7.190469265653804,0.948088789870349,-3.7390687037536257,-7.838449830759741,-3.2051485495801897,-2.9956678380838495,4.641897253942241,2.7582125857324393,7.083933712053084,0.14312692344152111,-7.187142136844576,4.7569145924526985,4.6896661296703686,-0.9277989684813193,6.516496310844916,-0.6029255287205892,-0.408119176403239,-0.7557007209150142,-9.883630105037227,-6.782235076087289
6.695561577396796,-6.181484113528215,-0.47105639122061216,2.3848012208112532,-9.969459727391083,2.179078195397895,-6.598636522898373,-7.613072574462832,9.45240897794662,9.287613702746043,6.985713261529509,-2.517517067515273,-7.48874741352046,3.695013150086518,-2.5087863575581326,-8.624348966179795,-0.40168650212926393,-9.921741779854916,7.999436738590196,-4.767750443102554,3.780138441436371,-3.8362772562708716,0.8878620673824182,0.9986800016757132,-8.27837745584333
2.8072638496665836,-3.918149652052078,0.1450991401170588,2.9564741939783663,-10.110897672725576,2.763670943091336,-7.642933089427826,-9.322737100990215,10.891742098933452,9.12195826072784,6.385379835508944,-3.0376568858438326,-7.550875831899717,3.8350794353867137,-0.8319891227417476,-5.155819717866148,-0.15408059480818168,-9.111130530980665,9.237062437583255,-3.718874435041678,4.437475992640021,-3.127048256182596,-0.7416444891742673,2.567637119166689,-7.449256282508147
2.9724823337016884,5.610147512614639,-6.4955007460885525,-2.8238855845545494,-7.8726578444989,6.904623094701444,2.2855708547887508,-2.009191028270486,-10.940694905609034,-2.2469198643904305,-4.920290711915204,4.325471237526866,2.321905006805601,8.332808121297251,-2.153825848644761,-7.145942415152023,6.289205367746751,3.8525269677451384,1.4152501190003208,4.757361421294611,0.30179913348085063,0.47380436505563367,-2.0906665418733175,-9.003745180247023,-6.037823350347168
-2.6648748584448296,10.182068189858128,4.894299679529315,2.310772346015934,-7.291504157273738,-7.36771581734844,-9.270885944455632,7.717975057877,1.6013157540439127,4.451226412817322,-7.512909315438512,10.269321746671578,6.322829283840594,-4.552003864270532,-6.771576028879539,-8.370034338109178,-4.92324145172665,-1.3756632883810984,-1.7126131111989937,-4.15699881684961,3.9134952067228728,-6.883195413195001,-4.376207558104501,-1.8433575529426767,-3.0897356246671657
10.766568974439357,4.856692288097756,7.990786824633529,7.413803486370943,1.0046709679629902,8.56015501645713,-6.605471500492049,-5.757263478501066,-9.347807723915528,-3.785204653650257,-3.789645014907016,-3.689909587374923,6.496912986025786,-3.0454133797188394,-1.188202238407524,1.152674571530656,-7.933306550599932,5.617582018875252,-7.360541417207829,9.85100914254811,4.006617407615781,-5.1064574347413485,-10.557701743066946,8.182526345314228,5.217194942666992
11.276278861225782,7.04589999549448,8.30112940949751,6.776929575263964,2.0988858231329064,6.669045334899483,-7.906982244776828,-6.227945337915764,-9.561490723657482,-5.088096452001508,-1.712854099640643,-5.105720204183994,5.4048333473283,-5.737195679409863,-4.408824711303021,2.626173259834714,-5.520256285956878,5.586843358494523,-9.111199186766365,10.20651298808537,4.446509946744856,-5.723894469497086,-9.123477379143262,7.536161792980989,4.03699280047239
-1.636876986332072,9.197628133936673,6.829681769445774,1.1648713985855805,-7.719349033332046,-7.479502238719968,-10.962223480945816,6.797767893817942,1.2631675733104777,4.311845342397117,-9.246554138306792,11.274367882455772,7.599276654194486,-6.33012144209688,-7.261915327206346,-5.839990631424818,-5.235388347829888,2.326587398499111,-0.18165950643639817,-4.644592848143866,0.5239233653567124,-5.8562504127937505,-4.271646874548255,-1.4349468221527042,-2.4730279744536476
-2.929842945818109,8.671571611671553,3.8376015670064825,1.8118839722747229,-6.475576334336732,-4.993923692065416,-8.663749943804172,7.581073306221468,1.9478543190980084,2.2426803406218676,-9.614823989533168,9.458427253180913,9.112094928493722,-5.945578751215599,-6.061953313524375,-6.366621572636567,-5.083833178428778,1.6379514471597778,-0.609166594470911,-3.3843852489961144,1.327670439652851,-5.807328476023064,-5.558958092087918,-2.0859060403258955,1.311855310150698
11.167003447900685,4.309019635465811,9.709133004893785,8.897129326595953,1.2873793671450575,9.829950000526663,-8.480196473560563,-5.791649122337239,-8.835132383018019,-3.6277021262052607,-1.4156459330505773,-3.7795306439698693,4.826218209800408,-1.5605932232500614,-6.0438017942880595,1.886467867506627,-6.054810363677164,4.952973184865597,-8.919801414359169,8.63203406352441,5.229974355644412,-6.333720653502293,-9.109897125258613,7.61953731521629,5.532830687742299
3.582082733505334,5.041435661766563,-8.268906759066498,-0.835017939330583,-4.5727002534920445,7.868791576648054,2.2827659178307704,-2.847533854466466,-7.841177568405691,-4.101021191243948,-1.701122203552737,4.822194325952682,3.248892516195657,8.410179103580992,-0.13411488614655798,-6.7691745807643535,3.647642557912976,4.657399218391919,0.1253897184182302,5.8588448297114475,0.6548484307999289,0.9124294537917674,0.22531280051852942,-9.497213483947144,-7.1734298045413984
8.022848767841968,-5.613206517438434,0.47673788476226414,1.5391749130383485,-8.937450840817762,1.9984272016482225,-5.881408849565579,-7.742265823499825,8.191721284558717,7.981407707933409,4.331741589225925,-3.399733289620043,-9.149924326046195,1.5317699372906546,-0.808371520677009,-5.066235785671633,-0.10253270931448961,-8.47373880324399,8.268237400123208,-4.923290021190804,4.169522170067409,-4.056053022400432,0.6687527376281193,1.2559033930616066,-6.9710013431325075
5.197149310396444,6.108976256919392,-9.885062676518727,-1.6187414437281469,-7.421368278263549,6.892791378265668,2.6093510038934093,-5.158274735845336,-8.320180182798856,-4.809725073868828,-4.8490038453085935,3.0697643805433894,3.863837802094188,7.114991457833742,0.9780262131554855,-8.143916544286263,2.5575377868669524,4.09917653238929,2.461355571396864,5.263445421154553,-0.6723753692027861,0.6146748134926693,-0.9473968966614629,-8.374218649215635,-6.393672230240985
7.589712117711152,6.044119195427079,9.54913399158643,7.320036607826256,-0.6330427159232075,7.891240252209852,-7.838345953559063,-7.559254320391224,-8.912094302010084,-3.5087032339077084,-1.6471627066092709,-4.453438996107929,5.601681242157033,-1.6683619644637226,-4.539839379279355,0.8266171236550379,-8.114783459577943,5.600657363889285,-9.393789840431484,9.564792672086924,7.156603866075491,-7.397587512247908,-11.503119055404692,7.78039889659029,3.927823199800477
5.1522008025338915,5.363215916719604,-7.39475360544769,-3.164762660094488,-7.1180128836038055,6.242404178819755,2.4424103856769204,-3.556393760849852,-8.503525072238585,-4.149880494520114,-3.627806155136727,5.418170738202787,2.3143851898660452,6.1376777507878515,1.193882407444407,-6.226661002543479,2.9726330493542807,5.905408777583143,0.722569180838582,5.68283081442228,0.17013605630130857,0.2202487873235596,-2.2329452984154043,-10.182158517434356,-8.758363375615154
6.380654542330601,6.6643532866583515,-8.309447550043567,-3.3223216147465946,-6.875496212860096,6.288522317807402,2.9423203059073777,-2.8765693437803894,-7.668623086780647,-1.0206935267756783,-3.103917592286292,4.083159941053782,2.7255751149122687,5.975178946637413,-1.2504146278500718,-8.01739751934707,3.7408073465253064,5.368055844371671,0.40312401900772454,6.540374266415692,-0.12388100779398804,0.4453562665012672,-1.7770743493419257,-9.336426781259117,-7.017073195466276
6.05557462437457,-7.25806378102325,1.728453372345492,1.766140198848281,-7.9536959140119174,2.4936223844064704,-6.132764307100386,-8.129200860062205,9.425419305083981,9.955363421358731,7.497099492461652,-3.711203446831117,-7.33755396228381,3.5949248359559105,0.24316709024149974,-8.235627605163693,1.7044786351362193,-9.352387528339975,6.755632939457595,-4.696295953088873,2.5693940296047595,-2.9251349292230566,-0.25126355574617465,0.48802215365081325,-8.19245162043499
6.099322761297682,-5.512494170550067,0.5453625340961397,1.2979862233954296,-9.742615113538097,2.125342967037321,-5.416788506994806,-8.155367985699977,8.60709641298056,10.084339372139532,3.319404341699146,-2.7589589161604833,-9.786271498650422,3.3222195888400052,-2.316620019834117,-8.85391677882533,1.0643649896039231,-9.779930779007524,8.532911923306358,-4.871320946878845,3.727486514302762,-3.6889565871515253,-0.8816318006323534,1.930472406312733,-6.796667472650771
4.756964232959145,4.878726849131649,-8.790762075644245,-1.1572333388160103,-6.342157757707058,5.9624872805842735,3.295694954430333,-2.5706429484554243,-9.877096283032145,-2.961575921931895,-1.9584016410525062,3.4695787605168666,1.8336466060899994,8.761916318370034,-0.2842061859353657,-7.056638805994442,4.605484960860396,5.606396893266093,-0.10092817692115785,6.466661305712669,1.0455019197155884,0.22526584357185384,-1.4926565826428704,-11.022724967673819,-7.327916704116076
-1.948413096684516,10.097337371373598,5.693680888263004,0.595500315983641,-7.817452231066393,-6.365074326067287,-8.324541805723802,7.838570601804751,5.875031725518896,4.732342066614076,-8.452744473903351,10.352198806733089,7.3002440673142335,-6.068487031074823,-5.60453143536472,-7.1047350174688955,-4.151973747549254,0.009765084815653802,-1.2792254877713627,-1.8607586293656526,0.3697927018558418,-6.5238625965846495,-5.769822900485289,-3.1446949999155995,0.21035028130808553
-3.4313629472303755,9.883892048303982,5.995516695033052,2.386604587164433,-5.002831378593204,-7.65389879237952,-10.082982459947427,5.544802666594425,3.518344546353359,4.8158172122749665,-9.643894784994407,9.678165669559707,5.523363768710059,-3.3074658068176506,-6.2342794738827605,-6.222515008326431,-3.1893885169105536,0.9761378643814704,-1.1372156028785538,-4.9658916514844735,2.7085262515835855,-5.328098290484129,-2.8116869831406595,-1.079576507486769,-1.3898159920904658
-1.591335675997974,11.136442325210954,5.6723440967792484,0.4537997179867186,-7.363861264017522,-5.613198444089324,-9.54599722225479,7.767342343644931,2.7969342882935124,3.234521084342826,-9.64783547014575,6.156929703170814,5.624465174674146,-6.005785937827637,-7.611283837822837,-4.699498498999688,-5.345296518769878,0.0550841459477735,-1.230359049871594,-2.7341439069730455,0.8011957432681505,-6.046959034804203,-4.14687396827605,-3.654271785174117,-0.4164968413960098
3.6780918064622368,4.55574385244422,-7.3936721809034225,-4.020097321981876,-6.0399458562414425,6.361447782864002,3.1043544621595416,-3.710657978696001,-8.125645563197184,-4.324467567800949,-3.659126465537353,4.633042742157001,1.7489619713227902,8.485079196946657,-1.0689150632325988,-7.836714996573985,3.270546369851387,2.6533673135426383,1.034516188789756,7.8319590207041365,0.6605162151858387,0.43539620790548694,-1.7120704620372755,-9.46915157230605,-7.295052344958701
6.537048189469197,-8.00025999940426,0.6587453381198047,3.075960369714142,-10.280632764291251,3.82346942486647,-6.170498516888125,-9.403979996052819,8.92194166740896,9.87096757401291,6.243952353741633,-3.3689686240862176,-8.967231312951688,3.854021354279215,-2.610664622112953,-7.670461364453124,-1.000369439239386,-10.047759520285398,9.42250121678608,-3.733090247405393,3.859583807986817,-4.85809124288436,0.08495197386141434,2.1473032868447763,-6.161193975849554
6.091298291067094,3.9742312436673553,-8.531195913164247,-4.083078873527667,-7.318986926872438,8.14895590760917,2.0452007428701053,-5.9862533595741505,-8.529884847483032,-3.3436150139532463,-3.0920388045033613,5.827905758583435,1.680095747455214,8.42447095697698,0.6368060157169613,-9.386702665240483,4.584547570378876,4.7115211413302776,1.1440212782882793,5.767020082629557,-0.6113166368257374,-0.2210514915217302,-1.4150272153409833,-10.578863403980899,-8.927996589019097
-0.5997809825826197,7.61571855437918,5.202848072918672,1.322527114818905,-7.366752574915966,-7.472503517514816,-9.702318526315826,7.37204454344353,1.1913501184531379,4.431908381700747,-9.638548223533087,9.159248996373476,5.741289153966838,-6.3299891170028095,-5.608109430032232,-5.830992615306943,-4.8927103856077965,0.5944609380739831,-0.6097125037858961,-5.844822477160533,2.780418086827525,-7.872746545905009,-3.5865083607024775,-3.436022290668683,-2.6834824163237996
9.27074440668339,5.922188911129319,7.902486653481683,7.459088708229565,2.6803809340494738,8.064651548370568,-6.5031861077282045,-6.479978937231698,-8.870769496037354,-2.560802552861623,-3.644819939143391,-6.333828176502858,5.049093868468494,-1.602349362701032,-4.9331679521448315,3.412120948833222,-7.745763099162136,6.228490918277832,-6.966877173836709,11.74383162016947,7.506398962569545,-4.817320138723409,-8.86549513171649,6.901755518297865,4.915507953118981
5.187474499642899,-5.910403579891822,-0.17758652043280992,1.4137951498085342,-9.380163869068685,2.3730308096624793,-7.068266147917647,-7.4432120147208884,8.083103442847163,9.125769017329828,5.728215904055046,-2.460746732178854,-7.850002943360747,4.716505069711772,-2.682510498244945,-7.292185037235164,0.7931689978488408,-9.229945588420208,9.251888416640995,-5.3416888181000335,4.65979312726522,-1.4668803545925302,0.0385218631165572,0.4887030654648212,-4.849526412371758
5.27411368673502,-5.884226853800522,0.8279867973086205,1.897151447566554,-9.030400054396162,1.448905350222011,-7.252418443805118,-10.101573412094103,10.727287488253605,8.068777426099903,5.475041764533314,-4.6261318821017845,-7.15163334292788,3.3897108519511097,0.05079194746576077,-8.232725927348293,0.18253236444920568,-10.14757663095539,10.331557169349031,-6.0119987870291745,3.560266397306668,-3.132001597279682,0.8151595210077145,0.7489179279878847,-6.432731589222885
8.722619816631255,6.542561154618367,8.18436329154692,9.722556722099911,2.6359254475609717,7.949573292316632,-6.072841745696106,-6.686057674620434,-8.353358849779932,-3.1941008043282206,-0.9247129168115613,-3.0115081677952293,6.606754332104355,-3.6183513364743973,-3.921337663313268,0.17620629341286365,-5.168128252978124,6.180474946163533,-8.874308677716693,9.922419037875255,4.097769096403451,-6.997300407827203,-8.689143749583527,5.652334290125286,3.0902358942704033
-1.3510867495526824,9.805948822161257,5.2639986532802565,2.601515193205012,-6.891873963998185,-7.777363964761778,-8.762523198442285,6.646361203986592,2.997419968281927,4.01439417441877,-10.413807310876463,9.076811201586892,7.06178427028406,-6.316942339238452,-7.185721051424419,-6.088222591439411,-3.6701885697005228,-0.011814542726372501,-1.832137932776008,-3.943367258681525,0.7889735529502657,-8.617586561335719,-4.875551250548073,-2.886210285838013,-0.567692750061276
-3.4997339481834384,8.44798839859555,4.739530201315743,1.4696940298245327,-8.430290622217402,-6.81154661846992,-9.900631470362114,7.797115346133885,1.1028760006303724,5.711385960938449,-10.371563406420188,9.07613552703421,7.462370033378106,-6.984082102868432,-6.136040721253858,-5.024767048648895,-5.522638375370473,0.6797624911770614,-1.1012168329092615,-3.393594324261851,1.000107183569508,-8.53057940004344,-3.635165463678739,-2.3757784608929797,-0.628107465313404
-3.4741210836328547,9.70033758819676,5.698303323077689,0.21443019751761772,-8.062885703817045,-8.919341771036047,-9.107734591080568,8.041065171294665,3.5246572869602035,4.2355463363406844,-7.959694568512659,8.018095585024994,4.945470376653281,-5.8087654853310955,-5.97943520691868,-6.364604551025416,-5.982597240849122,0.40600859313196885,-2.6655691276625384,-3.5057446472091227,2.6036561405444383,-8.150002573286518,-4.670973946632331,-3.7319766560151173,-0.9412794129324524
4.010562413664887,-6.104863983627555,-0.7039023388786849,0.7447020600250789,-8.891097594446567,3.5428993243733657,-5.671200920251857,-10.269468743917587,7.988082608496328,10.253411849479402,5.185459568790912,-4.132357766529611,-7.49650562084777,2.716316075379502,-1.0915746190620133,-8.893260798022627,-0.69782944172581,-8.992447643553096,6.5934143080439735,-4.383925630039263,3.230807888152959,-3.213288523794633,0.6252745576208777,2.298346016839437,-6.177686386841551
5.259516643776251,4.276612898560258,-7.85279446440898,-2.3680941362605963,-9.408425538288002,6.584503865176216,3.660071939598531,-4.363205034086698,-9.193237256588915,-3.3182926724348594,-2.7129430501824636,4.340584680716785,2.1536392324126212,9.166624713225039,1.1831981670365652,-6.6292570304521705,4.350213887024923,4.407435250697023,0.39509954483335985,5.941857704356978,0.2943101481764986,1.856255180586311,-0.7987295402928687,-10.994697766877914,-6.790223842410993
9.880879685438835,6.137377935784061,9.899678673240006,8.306365665481488,1.7167419216031599,9.110058401665066,-6.3302680240663936,-6.212976497999669,-10.06998352645988,-2.38631271544774,-2.3468353701639577,-6.745688910536119,7.42217186018901,-3.4002616520821367,-4.471843088556546,1.1859019937339843,-6.99101582072568,6.753391432219835,-8.944473496974428,10.250844530186429,5.18534870834923,-5.286875888429049,-9.2741901735149,5.3737898670520865,5.223128993127375
-4.136740060935913,9.062371074859703,4.8996013379495835,1.0688530588363234,-6.241034732373896,-8.541629655544906,-8.904407555283328,6.112506715736247,1.3704641270620166,4.208850227237323,-10.448723479367903,9.013641499010062,7.655145625222876,-6.330109655957625,-5.527808543792846,-7.461616657588942,-3.3853509628939626,1.9366972533026576,-3.8327441272849745,-4.972312451509638,2.81413002162813,-7.4131681730021555,-3.785961155924328,-3.2767483208419863,-0.7920105281863806
3.399330545510902,6.5397286283877865,-7.803725649876949,-2.1124997034066126,-7.244143070687678,7.281685175205861,3.1388237725179784,-2.790225369205638,-9.082873705220551,-4.353955338583657,-3.3944772642030725,6.141143718256468,1.512042351450362,6.276729585774091,-0.3909406555244969,-7.557227379377948,4.438237408830307,5.459654170246449,1.00234169675512,6.909207037693303,-1.7249920511887007,-0.3738404371403644,-1.5524343929780553,-11.134806276272265,-8.018025864565983
4.9763820520354045,-6.254042992384311,0.21025533917218625,2.468963474791528,-8.89329074466679,0.8155526793186652,-6.2093196752482065,-8.088382395010587,9.537501192997706,10.393421387045809,7.001869116878125,-3.44854453730415,-8.11672343133097,2.023699596727146,-0.7673319060753871,-7.351547615941312,0.17511703942077717,-10.588978153515942,7.10535150116738,-3.771247514666758,3.2108905332229853,-3.084277780839156,0.42967879968667744,0.9639617263613381,-5.3646270835134615
4.4356246901042296,4.632987012718953,-8.827068494957233,-4.724300096068333,-7.4693251021244675,7.263273992874095,1.6488739054829677,-2.7227938345146114,-7.791262856652969,-5.38791343005573,-4.259058338031274,3.8229812169739823,1.8112463259953984,8.57372969345828,-0.7495276355338172,-7.872629922544577,2.2610333800531457,5.8511190025471755,-0.013714443463547443,5.4792762293575485,0.15328886524600654,1.8153151834785326,-2.7580000319481197,-12.511129620938922,-7.658321915380216
8.301293477848326,6.913588846968561,8.691390698999522,7.915396631497823,2.6662139994782597,8.670700831725837,-7.277013325048364,-5.793218586415271,-9.707891596429677,-3.131889859528611,-3.3701804135310214,-4.464459658745559,6.5415201923941275,-3.0730503234007536,-4.509847317691316,-1.0279273823326693,-7.730240408245709,6.13678451622191,-8.349130734407183,8.710063591084388,6.710603226797848,-6.891861217531053,-8.920100457001215,6.7364229309683665,3.49091956710854
8.452357161472417,5.358568911500676,7.580284088442675,8.49647573854918,3.4887504085653998,9.65624655215965,-8.443592829891818,-4.589616614767143,-8.946786764587127,-3.830479355852752,-2.839856869751299,-4.87548905101021,6.1865733644973595,-2.6945172437527263,-4.22073582520252,0.8569676833183842,-6.744577330758397,7.2345858898671365,-7.55943299096326,8.252840763560442,2.8909742510311927,-5.091366458077278,-11.256436355943373,6.084463167203999,2.9670338508929834
4.146937329200522,-6.434639517798718,1.7854485589065434,2.6985131193543426,-9.419643880007904,1.8016393337103376,-6.911152577471553,-6.622220156733569,9.35964619729822,9.742682308682257,7.1982304163610635,-3.6689354575060733,-8.305599865693026,3.488310681158159,-1.268551384622037,-7.596457539614265,0.6311677458623836,-9.260283691888333,8.919048118791222,-4.905116948108244,3.329080877395731,-5.7639791627438886,1.3176880982586976,1.2806940627635857,-5.304900779629807
3.713013145108847,4.767290444643658,-8.822832994094856,-4.176556352587762,-8.501876669218904,6.7858476439672115,3.3403517172638857,-3.119478173945091,-8.535243082911983,-2.9294556035187838,-3.633705347864456,4.98258841669017,2.6479276741717666,8.00961720092616,-1.1384601543725958,-10.046932239510395,4.130616582273595,6.638449108437889,2.1517593536315176,6.384741083682392,1.1120426490940327,0.543314178601319,-1.2518639254234123,-10.109269360552446,-8.15824431616096
4.389239569092449,6.1451648758670965,-9.812379923189356,-3.787121805932556,-7.210212531617028,8.746184546047836,2.8215758853368182,-3.695097533470171,-8.729541588856172,-5.030761299656474,-2.891818233109692,5.47445662908469,2.2990590942711826,7.274212703767029,-0.28982326710896517,-8.04483481727456,4.198763129834076,7.315422761504465,0.9785182506439285,5.061003447069998,-0.7716298783473443,1.1988485591398184,-1.6304038060471109,-10.140990503439523,-6.520867427860899
10.608851076116668,7.023972519144742,9.788289729431742,7.464926695834927,2.361729666558312,8.413289094071418,-9.133851819691738,-5.755983469895493,-10.274494012949042,-2.305713996273149,-2.6910715035087525,-4.371859708649243,6.858038054584731,-3.123838439832291,-3.79461600477711,0.37901800654244533,-6.310218203047503,4.697959934834047,-8.382607546858171,11.67666773106863,4.444564061327573,-6.703431339841403,-9.375649807869037,6.48881035103628,4.487776976225902
11.09390749992641,5.74340964671086,11.391661945464177,8.462056654184519,0.1972368170658847,9.190826321566867,-7.848991574078832,-4.79058999753435,-8.422272870519281,-3.6318493687184867,-3.4507524424997253,-4.782042621808108,5.724229728829289,-3.4454569159329367,-3.7927314018317753,2.523826167516376,-6.786843970681766,4.848056553045611,-8.064384458184444,10.934370218655998,4.835112481613765,-6.159703535989469,-9.874869462798754,5.524330256014442,4.785427310796202
8.82952452871287,5.293434593477763,7.106540639062833,7.090676942056787,2.92285120931916,10.053067524010567,-9.464498830841531,-6.67280701076999,-9.121859978748166,-3.213232225915106,-3.0360577261320056,-4.148958320057993,6.100910835967673,-2.8793857370064933,-3.8350255582486854,0.8603439329759076,-7.617901391031316,5.9343298111549645,-8.59735008560992,9.367727702128219,5.1860993232660455,-4.427039198811835,-9.328638209586714,6.013748251067521,4.834101281463079
4.351834622243939,-6.982397609810138,1.338330564880072,0.8988924884089068,-6.438609680762655,2.6442149389096556,-6.404681402559296,-9.557325920475623,9.678020624475657,8.737002835253413,6.2899567769745826,-1.347640078263792,-8.142617619596972,4.833933856528813,-1.9001265503338605,-7.594223793601385,1.6743388378609136,-9.9391966354834,9.998856599572571,-4.116648432544186,2.6879789111853727,-3.1333707391562595,1.373914873182946,1.5560155490827894,-7.873135609379915
9.928345307818459,6.688360621885288,9.508932141948849,8.892594694358792,1.2012044876522416,7.015674033720491,-6.728816307006123,-6.403022590459232,-9.346287238244287,-2.165199242885655,-1.6702241968096994,-4.117131592440475,8.739752527939672,-3.5084516965083568,-3.453469678171148,0.9109347880620543,-6.91292322164149,7.572408041493327,-8.001151370114961,10.27603481105998,6.51740272324295,-6.390639098859437,-10.728767324866958,5.264419375075648,2.1707902875763416
-3.619773468518579,10.766556571621944,5.575557229375563,3.2447247789348905,-6.157955127108035,-8.009161364493176,-9.362848022915784,7.812897476726621,0.8001724259722303,4.874449986093297,-9.828635512242085,9.02337623569029,7.359812784211927,-5.308954474948437,-6.724466821677067,-5.172579999567075,-4.996218468409143,1.111064239589021,-0.7679983691893014,-4.484963635353152,2.5631909166897078,-8.461236363344465,-3.233080010088736,-2.857665270569155,-1.40132333617832
-1.5540553025515118,8.028560081862778,5.143925351745946,1.4429120655682912,-7.6725000234136145,-6.987139953230504,-9.873570079055384,6.769873610151521,0.8244223422753272,6.126176688837298,-9.553046562112222,8.6984715352473,6.862832726742658,-5.865545836125307,-6.584470255391211,-5.717743102887899,-3.1576474307619407,-0.03537251496577021,-1.9369178678023653,-4.450468893190806,-0.06486327028799499,-8.725313849157715,-2.7902327618511125,-1.0277954206248823,-1.127636355215659
6.752528453697162,-6.710868047375565,-1.123772528091327,0.29166220371694607,-8.464981794254406,0.8704676855324833,-4.834723344269805,-10.780897548178132,10.674167113356704,9.523658128693805,6.071233850458829,-4.452643703341536,-7.64742160552025,3.647025827818289,-0.0936482431914516,-7.445007654442384,0.053839963687281306,-9.675841789909487,8.129462417854576,-4.516598599107603,1.5402772944230148,-5.1139639003174935,1.1446245175789311,1.105071024993535,-6.486894225842138
5.148042108700018,-6.643911484139323,1.4737052993797843,3.2687956252307044,-9.641738039349521,1.3185414649245377,-6.118101969867766,-9.251191184575381,9.610642562822177,9.515563682342487,4.652202847331989,-2.360219415202525,-6.2506800467768,3.071871839758751,-1.5846516851439572,-7.273369912379518,0.2379949922124287,-8.653685305022801,10.196612580341991,-5.001347595493711,2.4521484425411866,-5.1450977062263075,-0.3295696163857028,0.9010786139917959,-4.508353025971671
